Secondary,Primary,Conn.Type,IsFlange,IsWebAlg,End Code,Att.No.,Att. File,X,Y,Z,Sec.Ct.,Note,Qty
W16X26,,Base Plate,,,,1042,W16X26_BP,12192,0,0,1,,4,
W16X26,,Cap Plate,,,,,,12192,0,6096,1,,4,
W16X36,W16X50,Beam to Column Flange,,,,141,W16X36_CF_W16X40,0,4572,6096,1,,4,
W16X36,W16X40,Beam to Column Flange,,,,141,W16X36_CF_W16X40,6096,0,6096,1,,6,
W16X36,W16X26,Beam to Column Flange,,,,141,W16X36_CF_W16X26,12192,0,6096,1,,4,
W16X36+W16X40,W16X40,Beam to Column Web,,,,143,W16X40_W16X36_web,18288,9144,6096,2,,2,
W16X40,W16X50,Beam to Column Web,,,,182,W16X40_W16X50_CW,0,0,6096,1,,7,
W16X40,W16X50,Beam to Column Flange,,,,141,W16X36_CF_W16X40,0,0,6096,1,,7,
W16X40,,Base Plate,,,,1042,W16X40_BP,6096,0,0,1,,7,
W16X40,W16X40,Beam to Column Flange,,,,141,W16X40_CF_W16X40,6096,0,6096,1,,6,
W16X40,W16X40,Beam to Column Web,,,,143,W16X40_W16X36_web,6096,0,6096,1,,4,
W16X40,,Cap Plate,,,,,,6096,0,6096,1,,8,
W16X40,W16X26,Beam to Column Web,,,,143,W16X40_W16X36_web,12192,0,6096,1,,2,
W16X40+W16X36,W16X40,Beam to Column Web,,,,143,W16X40_W16X36_web,6096,4572,6096,2,,2,
W16X40+W16X36,W16X26,Beam to Column Web,,,,143,W16X40_W16X36_web,12192,4572,6096,2,,1,
W16X50,,Base Plate,,,,1042,W16X50_BP,0,0,0,1,,8,
W16X50,,Cap Plate,,,,,,0,0,6096,1,,8,
