Secondary,Primary,Conn.Type,IsFlange,IsWebAlg,End Code,Att.No.,Att. File,X,Y,Z,Sec.Ct.,Note,Qty
W16X36,W16X50,Beam to Column Flange,,,1BOLT,,,0,4572,6096,1,,1,
W16X36,W16X40,Beam to Column Flange,,,3BOLT,,,6096,0,6096,1,,1,
W16X40,W16X50,Beam to Column Web,,,3BOLT,,,0,0,6096,1,,1,
W16X40,W16X50,Beam to Column Flange,,,1BOLT,,,0,0,6096,1,,1,
W16X40,W16X50,Beam to Column Web,,,2BOLT,,,0,4572,6096,1,,1,
W16X40,W16X50,Beam to Column Flange,,,2BOLT,,,0,4572,6096,1,,1,
W16X40,W16X40,Beam to Column Flange,,,3BOLT,,,6096,0,6096,1,,1,
W16X40,W16X40,Beam to Column Web,,,1BOLT,,,6096,0,6096,1,,1,
W16X40,,Cap Plate,,,,,,6096,0,6096,1,,1,
W16X50,,Base Plate,,,,,,0,0,0,1,,1,
W16X50,,Cap Plate,,,,,,0,0,6096,1,,2,
