﻿<?xml version="1.0" encoding="utf-8"?>
<!--*** This file stores the document manager window layout. ***-->
<!--*** Do not edit this file. ***-->
<!--*** Importing invalid data can cause unexpected behavior and potential data loss. ***-->
<!--*** If the log suggests any problems with this file it may be deleted to restore the default layout. ***-->
<!--Created (InvariantFormat): 04/25/2022 13:29:57-->
<UiSettings Version="1.0">
  <CategoryViewIsVisible>true</CategoryViewIsVisible>
  <ExtraTopButtonsAreVisible>true</ExtraTopButtonsAreVisible>
  <MainWindowPlacement>
    <Length>44</Length>
    <Flags>2</Flags>
    <ShowCmd>3</ShowCmd>
    <MinPosition>
      <X>-1</X>
      <Y>-1</Y>
    </MinPosition>
    <MaxPosition>
      <X>-1</X>
      <Y>-1</Y>
    </MaxPosition>
    <NormalPosition>
      <Left>-1967</Left>
      <Top>6</Top>
      <Right>-527</Right>
      <Bottom>746</Bottom>
    </NormalPosition>
  </MainWindowPlacement>
  <SelectedCategoryNames>
    <CategoryName>albl_single_part_drawings</CategoryName>
  </SelectedCategoryNames>
  <CategoryDialogWidth>300</CategoryDialogWidth>
  <ProjectGuid>7d97cd74-bd82-41b3-811d-bb6948d0b23b</ProjectGuid>
</UiSettings>