<?xml version="1.0" encoding="UTF-8" standalone="no"?>
<!DOCTYPE TeklaStructuresModels>
<TeklaStructuresModels>
    <Model>
        <Name>AutoConnection_01</Name>
        <Designer>PROJ-DESIGNER</Designer>
        <Description>Setup for Steel Detailing</Description>
        <Version>2021 Service Pack 5</Version>
        <ProductVersion>2021.0</ProductVersion>
        <Language>enu</Language>
        <Template></Template>
        <Environment>usa</Environment>
        <IsTemplate>FALSE</IsTemplate>
        <XS_PROJECT></XS_PROJECT>
        <XS_FIRM></XS_FIRM>
        <XS_SYSTEM>C:\TeklaStructures\2021.0\environments\usa\Imperial\Steel\ComponentSettings\;C:\TeklaStructures\2021.0\environments\usa\Imperial\Steel\DrawingSettings\;C:\TeklaStructures\2021.0\environments\usa\Imperial\Steel\ModelingSettings\;C:\TeklaStructures\2021.0\e</XS_SYSTEM>
        <ConnectedId></ConnectedId>
    </Model>
</TeklaStructuresModels>
