﻿<?xml version="1.0" encoding="utf-8"?>
<!--*** Do not edit this file. ***-->
<!--*** Importing invalid data can cause unexpected behaviour and potential data loss. ***-->
<!--Created: 12-05-2022 09:14:39-->
<ComponentCatalogUserModelSettings Version="1.0">
  <RecentItems>
    <IDString>CatalogSystemComponentJointItem?000000120</IDString>
    <IDString>CatalogSystemComponentJointItem?310000035</IDString>
    <IDString>CatalogSystemComponentJointItem?000000143</IDString>
    <IDString>CatalogSystemComponentJointItem?000000182?Moment_Connx_to_Col_Web</IDString>
    <IDString>CatalogSystemComponentJointItem?000000141</IDString>
    <IDString>CatalogSystemComponentJointItem?000000146?Moment_Connx_to_Col_Flg</IDString>
    <IDString>CatalogSystemComponentJointItem?000000146</IDString>
    <IDString>CatalogSystemComponentDetailItem?000001042</IDString>
    <IDString>CatalogSystemComponentJointItem?000000144</IDString>
  </RecentItems>
  <ExpandedGroupPlaceholders />
</ComponentCatalogUserModelSettings>